from_field,from_event,Field Type,to_event,to_field,to_form,TO_FIELD_TYPE,NOTES,custom,custom_1,custom_2
record_id,contact_information,text,,record_id,econsent,text,Record ID,,,
date_haircut_pg1,hair_measures_captured_parentsguardians,text,parent_1_arm_1,date_haircut,hair_measures_captured_parentsguardians,text,[general_arm_1][name_pg1] Date of Haircut,,,
chem_exp_pg1,hair_measures_captured_parentsguardians,radio,parent_1_arm_1,chem_exp,hair_measures_captured_parentsguardians,radio,[general_arm_1][name_pg1] Chemical Exposure in Last 3 Months?,radioToCheckbox,chem_exp,"{""1"":""98"",""2"":""2"",""3"":""3"",""4"":""5"",""5"":""6""}"
shampoo_pg1,hair_measures_captured_parentsguardians,radio,parent_1_arm_1,shampoo,hair_measures_captured_parentsguardians,radio,[general_arm_1][name_pg1] Frequency of Shampooing,,,
hair_color_pg1,hair_measures_captured_parentsguardians,checkbox,parent_1_arm_1,hair_color,hair_measures_captured_parentsguardians,checkbox,[general_arm_1][name_pg1] Hair Color,,,
texture_pg1,hair_measures_captured_parentsguardians,checkbox,parent_1_arm_1,texture,hair_measures_captured_parentsguardians,checkbox,[general_arm_1][name_pg1] Hair Texture,,,
sheen_pg1,hair_measures_captured_parentsguardians,radio,parent_1_arm_1,sheen,hair_measures_captured_parentsguardians,radio,[general_arm_1][name_pg1] Hair Sheen,recodeRadio,sheen,"{""1"":""0"",""2"":""1"", ""3"":""2""}"
density_pg1,hair_measures_captured_parentsguardians,radio,parent_1_arm_1,density,hair_measures_captured_parentsguardians,radio,[general_arm_1][name_pg1] Hair Density,recodeRadio,density,"{""1"":""1"",""2"":""2"", ""3"":""2"",""4"":""2"", ""5"":""3""}"
elasticity_pg1,hair_measures_captured_parentsguardians,radio,parent_1_arm_1,elasticity,hair_measures_captured_parentsguardians,radio,[general_arm_1][name_pg1] Hair Elasticity,,,
scalp_pg1,hair_measures_captured_parentsguardians,radio,parent_1_arm_1,scalp,hair_measures_captured_parentsguardians,radio,[general_arm_1][name_pg1] Scalp Condition,,,
date_haircut_pg2,hair_measures_captured_parentsguardians,text,parent_2_arm_1,date_haircut,hair_measures_captured_parentsguardians,,,,,
chem_exp_pg2,hair_measures_captured_parentsguardians,radio,parent_2_arm_1,chem_exp,hair_measures_captured_parentsguardians,,,radioToCheckbox,chem_exp,"{""1"":""98"",""2"":""2"",""3"":""3"",""4"":""5"",""5"":""6""}"
shampoo_pg2,hair_measures_captured_parentsguardians,radio,parent_2_arm_1,shampoo,hair_measures_captured_parentsguardians,,,,,
hair_color_pg2,hair_measures_captured_parentsguardians,checkbox,parent_2_arm_1,hair_color,hair_measures_captured_parentsguardians,,,,,
texture_pg2,hair_measures_captured_parentsguardians,checkbox,parent_2_arm_1,texture,hair_measures_captured_parentsguardians,,,,,
sheen_pg2,hair_measures_captured_parentsguardians,radio,parent_2_arm_1,sheen,hair_measures_captured_parentsguardians,,,recodeRadio,sheen,"{""1"":""0"",""2"":""1"", ""3"":""2""}"
density_pg2,hair_measures_captured_parentsguardians,radio,parent_2_arm_1,density,hair_measures_captured_parentsguardians,,,recodeRadio,density,"{""1"":""1"",""2"":""2"", ""3"":""2"",""4"":""2"", ""5"":""3""}"
elasticity_pg2,hair_measures_captured_parentsguardians,radio,parent_2_arm_1,elasticity,hair_measures_captured_parentsguardians,,,,,
scalp_pg2,hair_measures_captured_parentsguardians,radio,parent_2_arm_1,scalp,hair_measures_captured_parentsguardians,,,,,
sample_length,hair_sample_readings,text,main_arm_1,sample_length,hair_sample_readings,text,Total length (cm) of hair sample obtained:,,,
segment_analysis,hair_sample_readings,checkbox,main_arm_1,segment_analysis,hair_sample_readings,radio,Hair segment(s) used for analysis:,checkboxToRadio,segment_analysis,"{""1"":""0"",""2"":""1"",""3"":""2"",""4"":""3"",""5"":""4""}"
weight_analyzedsegment,hair_sample_readings,text,main_arm_1,weight_analyzedsegment,hair_sample_readings,text,Weight (mg) of analyzed segment,,,
weight_whichsegment,hair_sample_readings,radio,main_arm_1,weight_whichsegment,hair_sample_readings,radio,Segment used for analysis,recodeRadio,weight_whichsegment,"{""1"":""0"",""2"":""1"",""3"":""2"",""4"":""3"",""5"":""4""}"
total_protein,hair_sample_readings,text,main_arm_1,total_protein,hair_sample_readings,text,Total protein content (μg/ml),,,
protein_whichsegment,hair_sample_readings,radio,main_arm_1,protein_whichsegment,hair_sample_readings,radio,Segment used to measure protein content,,,
protein_ugmg,hair_sample_readings,text,main_arm_1,protein_ugmg,hair_sample_readings,text,Protein Reading (μg/mg of hair),,,
total_lipid,hair_sample_readings,text,main_arm_1,total_lipid,hair_sample_readings,text,Total lipid content (μg/ml),,,
lipid_which_segment,hair_sample_readings,radio,main_arm_1,lipid_which_segment,hair_sample_readings,radio,Segment used to measure lipid content,,,
lipid_ugmg,hair_sample_readings,text,main_arm_1,lipid_ugmg,hair_sample_readings,text,Lipid Reading (μg/mg of hair),,,
cortisol_ngml,hair_sample_readings,text,main_arm_1,cortisol_ngml,hair_sample_readings,text,Hair Cortisol Reading (ng/ml),,,
cortisol_whichsegment,hair_sample_readings,radio,main_arm_1,cortisol_whichsegment,hair_sample_readings,radio,Segment to measure cortisol,,,
cortisol_ngmg,hair_sample_readings,text,main_arm_1,cortisol_ngmg,hair_sample_readings,text,Cortisol Reading (ng/mg of hair),,,
ln_cortisol_ngmg,hair_sample_readings,text,main_arm_1,ln_cortisol_ngmg,hair_sample_readings,text,Natural log of cortisol reading (ng/mg of hair),,,
oxytocin_pgml,hair_sample_readings,text,main_arm_1,oxytocin_pgml,hair_sample_readings,text,Hair Oxytocin Reading (pg/ml),,,
oxytocin_whichsegment,hair_sample_readings,radio,main_arm_1,oxytocin_whichsegment,hair_sample_readings,radio,Segment used to measure oxytocin,,,
oxytocin_pgmg,hair_sample_readings,text,main_arm_1,oxytocin_pgmg,hair_sample_readings,text,Oxytocin Reading (pg/mg of hair),,,
ln_oxytocin_pgmg,hair_sample_readings,text,main_arm_1,ln_oxytocin_pgmg,hair_sample_readings,text,Natural log of oxytocin reading (pg/mg of hair),,,
cortisol_ngmg_sums,hair_sample_readings,text,main_arm_1,cortisol_ngmg_sums,hair_sample_readings,text,Cortisol Reading (ng/mg of hair),,,
cortisol_whichseg_sums,hair_sample_readings,radio,main_arm_1,cortisol_whichseg_sums,hair_sample_readings,radio,Segment used for cortisol reading,,,
cortisone_ngmg_sums,hair_sample_readings,text,main_arm_1,cortisone_ngmg_sums,hair_sample_readings,text,Cortisone Reading (ng/mg of hair),,,
cortisone_whichseg_sums,hair_sample_readings,radio,main_arm_1,cortisone_whichseg_sums,hair_sample_readings,radio,Segment used for cortisone reading,,,
oxytocin_pgmg_sums,hair_sample_readings,text,main_arm_1,oxytocin_pgmg_sums,hair_sample_readings,text,Oxytocin Reading (pg/mg of hair),,,
oxytocin_whichseg_sums,hair_sample_readings,radio,main_arm_1,oxytocin_whichseg_sums,hair_sample_readings,radio,Segment used for oxytocin reading,,,
vasopressin_pgmg_sums,hair_sample_readings,text,main_arm_1,vasopressin_pgmg_sums,hair_sample_readings,text,Vasopressin Reading (pg/mg of hair),,,
vasopressin_whichseg_sums,hair_sample_readings,radio,main_arm_1,vasopressin_whichseg_sums,hair_sample_readings,radio,Segment used for vasopressin reading,,,
age_yr_pg1,demographics_parentguardian_1,text,parent_1_arm_1,age_yr_pg,demographics_parentguardian,text,Age (years),,,
citizenship_pg1,demographics_parentguardian_1,radio,parent_1_arm_1,citizenship_pg,demographics_parentguardian,radio,<p>Are you a citizen of the United States?</p>,,,
race_pg1,demographics_parentguardian_1,checkbox,parent_1_arm_1,race_pg,demographics_parentguardian,checkbox,Race,,,
ethnicity_pg1,demographics_parentguardian_1,checkbox,parent_1_arm_1,ethnicity_pg,demographics_parentguardian,checkbox,Ethnicity,,,
martial_status_pg1,demographics_parentguardian_1,radio,parent_1_arm_1,martial_status_pg,demographics_parentguardian,radio,Marital Status,,,
edu_pg1,demographics_parentguardian_1,radio,parent_1_arm_1,edu_pg,demographics_parentguardian,radio,Highest Education Completed,,,
student_pg1,demographics_parentguardian_1,radio,parent_1_arm_1,student_pg,demographics_parentguardian,radio,Current Student Status,,,
student_degree_pg1,demographics_parentguardian_1,radio,parent_1_arm_1,student_degree_pg,demographics_parentguardian,radio,What program/degree are you aiming to complete?,,,
employment_pg1,demographics_parentguardian_1,radio,parent_1_arm_1,employment_pg,demographics_parentguardian,radio,Current Employment Status,,,
jobs_pg1,demographics_parentguardian_1,radio,parent_1_arm_1,jobs_pg,demographics_parentguardian,radio,"If working full-time/part-time, how many jobs are you currently working?",,,
hours_workstudy_pg1,demographics_parentguardian_1,text,parent_1_arm_1,hours_workstudy_pg,demographics_parentguardian,text,Number of Hours/Week Spent Working and/or Studying,,,
salary_pg1,demographics_parentguardian_1,radio,parent_1_arm_1,salary_pg,demographics_parentguardian,radio,Individual Income (USD/year),,,
insurance_pg1,demographics_parentguardian_1,radio,parent_1_arm_1,insurance_pg,demographics_parentguardian,radio,Current Health Insurance Status,,,
age_yr_pg2,demographics_parentguardian_2,text,parent_2_arm_1,age_yr_pg,demographics_parentguardian,,,,,
citizenship_pg2,demographics_parentguardian_2,radio,parent_2_arm_1,citizenship_pg,demographics_parentguardian,,,,,
race_pg2,demographics_parentguardian_2,checkbox,parent_2_arm_1,race_pg,demographics_parentguardian,,,,,
ethnicity_pg2,demographics_parentguardian_2,checkbox,parent_2_arm_1,ethnicity_pg,demographics_parentguardian,,,,,
martial_status_pg2,demographics_parentguardian_2,radio,parent_2_arm_1,martial_status_pg,demographics_parentguardian,,,,,
edu_pg2,demographics_parentguardian_2,radio,parent_2_arm_1,edu_pg,demographics_parentguardian,,,,,
student_pg2,demographics_parentguardian_2,radio,parent_2_arm_1,student_pg,demographics_parentguardian,,,,,
student_degree_pg2,demographics_parentguardian_2,radio,parent_2_arm_1,student_degree_pg,demographics_parentguardian,,,,,
employment_pg2,demographics_parentguardian_2,radio,parent_2_arm_1,employment_pg,demographics_parentguardian,,,,,
jobs_pg2,demographics_parentguardian_2,radio,parent_2_arm_1,jobs_pg,demographics_parentguardian,,,,,
hours_workstudy_pg2,demographics_parentguardian_2,text,parent_2_arm_1,hours_workstudy_pg,demographics_parentguardian,,,,,
income_pg2,demographics_parentguardian_2,radio,parent_2_arm_1,salary_pg,demographics_parentguardian,,,,,
insurance_pg2,demographics_parentguardian_2,radio,parent_2_arm_1,insurance_pg,demographics_parentguardian,,,,,
health_history_pg1,health_history_parentguardian_1,checkbox,parent_1_arm_1,health_history_pg,health_history_parentguardian,checkbox,Please check the following box(es) if you have been told by a medical professional that you have the following conditions:,,,
ad_hh_age_pg1,health_history_parentguardian_1,text,parent_1_arm_1,ad_hh_age_pg,health_history_parentguardian,text,Alzheimer's Disease - Age at Onset (years),,,
aae_hh_age_pg1,health_history_parentguardian_1,text,parent_1_arm_1,aae_hh_age_pg,health_history_parentguardian,text,"Asthma, Allergies, Eczema - Age at Onset (years)",,,
cancer_hh_age_pg1,health_history_parentguardian_1,text,parent_1_arm_1,cancer_hh_age_pg,health_history_parentguardian,text,Cancer - Age at Onset (years),,,
heartdisease_hh_age_pg1,health_history_parentguardian_1,text,parent_1_arm_1,heartdisease_hh_age_pg,health_history_parentguardian,text,Cardiovascular/Heart Disease - Age at Onset (years),,,
diabetes_hh_age_pg1,health_history_parentguardian_1,text,parent_1_arm_1,diabetes_hh_age_pg,health_history_parentguardian,text,Diabetes - Age at Onset (years),,,
hbp_hh_age_pg1,health_history_parentguardian_1,text,parent_1_arm_1,hbp_hh_age_pg,health_history_parentguardian,text,Hypertension/High Blood Pressure - Age at Onset (years),,,
obesity_hh_age_pg1,health_history_parentguardian_1,text,parent_1_arm_1,obesity_hh_age_pg,health_history_parentguardian,text,Obesity - Age at Onset (years),,,
stroke_hh_age_pg1,health_history_parentguardian_1,text,parent_1_arm_1,stroke_hh_age_pg,health_history_parentguardian,text,Stroke - Age at Onset (years),,,
alcohol_hh_age_pg1,health_history_parentguardian_1,text,parent_1_arm_1,alcohol_hh_age_pg,health_history_parentguardian,text,Alcohol Abuse - Age at Onset (years),,,
drugs_hh_age_pg1,health_history_parentguardian_1,text,parent_1_arm_1,drugs_hh_age_pg,health_history_parentguardian,text,Drug/Substance Abuse - Age at Onset (years),,,
mentalhealth_hh_age_pg1,health_history_parentguardian_1,text,parent_1_arm_1,mentalhealth_hh_age_pg,health_history_parentguardian,text,Serious Mental Health Condition - Age at Onset (years),,,
drugs_past_pg1,health_history_parentguardian_1,dropdown,parent_1_arm_1,drugs_past_pg,health_history_parentguardian,dropdown,"<div class=""rich-text-field-label""><p>Please provide the total number of drug classes (prescription or non-prescription) that you have used <em>recreationally</em> <span style=""text-decoration: underline;"">in the past</span>.</p> <ul> <li><span style=""font-weight: normal;"">Alcohol</span></li> <li><span style=""font-weight: normal;"">Tobacco</span></li> <li><span style=""font-weight: normal;"">Marijuana</span></li> <li><span style=""font-weight: normal;"">Other brain depressants or ""downers"" (e.g., benzodiazepines, opioids, etc.)</span></li> <li><span style=""font-weight: normal;"">Brain stimulants or ""picker-uppers"" (e.g., methamphetamine, cocaine, etc.)</span></li> <li><span style=""font-weight: normal;"">Psychedelics or hallucinogens (e.g., ketamine, PCP, LSD/Acid, etc.)</span></li> </ul></div>",,,
drugs_current_pg1,health_history_parentguardian_1,dropdown,parent_1_arm_1,drugs_current_pg,health_history_parentguardian,dropdown,"<div class=""rich-text-field-label""><p>Please provide the total number of drug classes (prescription or non-prescription) that you use <em>recreationally</em> <span style=""text-decoration: underline;"">currently</span>.</p> <ul> <li><span style=""font-weight: normal;"">Alcohol</span></li> <li><span style=""font-weight: normal;"">Tobacco</span></li> <li><span style=""font-weight: normal;"">Marijuana</span></li> <li><span style=""font-weight: normal;"">Other brain depressants or ""downers"" (e.g., benzodiazepines, opioids, etc.)</span></li> <li><span style=""font-weight: normal;"">Brain stimulants or ""picker-uppers"" (e.g., methamphetamine, cocaine, etc.)</span></li> <li><span style=""font-weight: normal;"">Psychedelics or hallucinogens (e.g., ketamine, PCP, LSD/Acid, etc.)</span></li> </ul></div>",,,
health_history_pg2,health_history_parentguardian_2,checkbox,parent_2_arm_1,health_history_pg,health_history_parentguardian,,,,,
ad_hh_age_pg2,health_history_parentguardian_2,text,parent_2_arm_1,ad_hh_age_pg,health_history_parentguardian,,,,,
aae_hh_age_pg2,health_history_parentguardian_2,text,parent_2_arm_1,aae_hh_age_pg,health_history_parentguardian,,,,,
cancer_hh_age_pg2,health_history_parentguardian_2,text,parent_2_arm_1,cancer_hh_age_pg,health_history_parentguardian,,,,,
heartdisease_hh_age_pg2,health_history_parentguardian_2,text,parent_2_arm_1,heartdisease_hh_age_pg,health_history_parentguardian,,,,,
diabetes_hh_age_pg2,health_history_parentguardian_2,text,parent_2_arm_1,diabetes_hh_age_pg,health_history_parentguardian,,,,,
hbp_hh_age_pg2,health_history_parentguardian_2,text,parent_2_arm_1,hbp_hh_age_pg,health_history_parentguardian,,,,,
obesity_hh_age_pg2,health_history_parentguardian_2,text,parent_2_arm_1,obesity_hh_age_pg,health_history_parentguardian,,,,,
stroke_hh_age_pg2,health_history_parentguardian_2,text,parent_2_arm_1,stroke_hh_age_pg,health_history_parentguardian,,,,,
alcohol_hh_age_pg2,health_history_parentguardian_2,text,parent_2_arm_1,alcohol_hh_age_pg,health_history_parentguardian,,,,,
drugs_hh_age_pg2,health_history_parentguardian_2,text,parent_2_arm_1,drugs_hh_age_pg,health_history_parentguardian,,,,,
mentalhealth_hh_age_pg2,health_history_parentguardian_2,text,parent_2_arm_1,mentalhealth_hh_age_pg,health_history_parentguardian,,,,,
drugs_past_pg2,health_history_parentguardian_2,dropdown,parent_2_arm_1,drugs_past_pg,health_history_parentguardian,,,,,
drugs_current_pg2,health_history_parentguardian_2,dropdown,parent_2_arm_1,drugs_current_pg,health_history_parentguardian,,,,,
prenatal_pg1,reproductive_health_form_parentguardian_1,yesno,parent_1_arm_1,prenatal_pg,reproductive_health_form_parentguardian,yesno,Did you receive adequate prenatal healthcare (including regular/routine clinic visits for each pregnancy?,,,
livebirths_pg1,reproductive_health_form_parentguardian_1,text,parent_1_arm_1,livebirths_pg,reproductive_health_form_parentguardian,text,Total number of live births,,,
miscarriage_pg1,reproductive_health_form_parentguardian_1,text,parent_1_arm_1,miscarriage_pg,reproductive_health_form_parentguardian,text,"Total number of miscarriages, D&Cs (dilation and curettage), or abortions (spontaneous or elective)",,,
activepregnant_pg1,reproductive_health_form_parentguardian_1,radio,parent_1_arm_1,activepregnant_pg,reproductive_health_form_parentguardian,radio,Are you currently pregnant or actively trying to become pregnant?,,,
horomonetherapy_preg_pg1,reproductive_health_form_parentguardian_1,yesno,parent_1_arm_1,horomonetherapy_preg_pg,reproductive_health_form_parentguardian,yesno,Are you on hormone therapy to enable or sustain pregnancy?,,,
pregnancystressful_pg1,reproductive_health_form_parentguardian_1,yesno,parent_1_arm_1,pregnancystressful_pg,reproductive_health_form_parentguardian,yesno,Is/Was the process of trying to become pregnant stressful?,,,
wantchildren_pg1,reproductive_health_form_parentguardian_1,radio,parent_1_arm_1,wantchildren_pg,reproductive_health_form_parentguardian,radio,Are you in the process of having or attempting to have more children?,,,
hormonetherapy_pg1,reproductive_health_form_parentguardian_1,yesno,parent_1_arm_1,hormonetherapy_pg,reproductive_health_form_parentguardian,yesno,Are you currently on any hormone therapy?,,,
deathbefore1_pg1,reproductive_health_form_parentguardian_1,yesno,parent_1_arm_1,deathbefore1_pg,reproductive_health_form_parentguardian,yesno,Have any of your children died after birth prior to one year of age?,,,
deathafter1_pg1,reproductive_health_form_parentguardian_1,yesno,parent_1_arm_1,deathafter1_pg,reproductive_health_form_parentguardian,yesno,Have any of your children died after one year of age?,,,
deathreason_pg1,reproductive_health_form_parentguardian_1,checkbox,parent_1_arm_1,deathreason_pg,reproductive_health_form_parentguardian,checkbox,"If yes, what was the cause of death?",,,
mat_reproductivehealth_pg1,reproductive_health_form_parentguardian_1,checkbox,parent_1_arm_1,mat_reproductivehealth_pg,reproductive_health_form_parentguardian,checkbox,Please indicate if you have ever been treated for the following reproductive health conditions.,,,
pat_reproductivehealth_pg1,reproductive_health_form_parentguardian_1,checkbox,parent_1_arm_1,pat_reproductivehealth_pg,reproductive_health_form_parentguardian,checkbox,Please indicate if you have ever been treated for the following reproductive conditions.,,,
prenatal_pg2,reproductive_health_form_parentguardian_2,yesno,parent_2_arm_1,prenatal_pg,reproductive_health_form_parentguardian,,,,,
livebirths_pg2,reproductive_health_form_parentguardian_2,text,parent_2_arm_1,livebirths_pg,reproductive_health_form_parentguardian,,,,,
miscarriage_pg2,reproductive_health_form_parentguardian_2,text,parent_2_arm_1,miscarriage_pg,reproductive_health_form_parentguardian,,,,,
activepregnant_pg2,reproductive_health_form_parentguardian_2,radio,parent_2_arm_1,activepregnant_pg,reproductive_health_form_parentguardian,,,,,
horomonetherapy_preg_pg2,reproductive_health_form_parentguardian_2,yesno,parent_2_arm_1,horomonetherapy_preg_pg,reproductive_health_form_parentguardian,,,,,
pregnancystressful_pg2,reproductive_health_form_parentguardian_2,yesno,parent_2_arm_1,pregnancystressful_pg,reproductive_health_form_parentguardian,,,,,
wantchildren_pg2,reproductive_health_form_parentguardian_2,radio,parent_2_arm_1,wantchildren_pg,reproductive_health_form_parentguardian,,,,,
hormonetherapy_pg2,reproductive_health_form_parentguardian_2,yesno,parent_2_arm_1,hormonetherapy_pg,reproductive_health_form_parentguardian,,,,,
deathbefore1_pg2,reproductive_health_form_parentguardian_2,yesno,parent_2_arm_1,deathbefore1_pg,reproductive_health_form_parentguardian,,,,,
deathafter1_pg2,reproductive_health_form_parentguardian_2,yesno,parent_2_arm_1,deathafter1_pg,reproductive_health_form_parentguardian,,,,,
deathreason_pg2,reproductive_health_form_parentguardian_2,checkbox,parent_2_arm_1,deathreason_pg,reproductive_health_form_parentguardian,,,,,
mat_reproductivehealth_pg2,reproductive_health_form_parentguardian_2,checkbox,parent_2_arm_1,mat_reproductivehealth_pg,reproductive_health_form_parentguardian,,,,,
pat_reproductivehealth_pg2,reproductive_health_form_parentguardian_2,checkbox,parent_1_arm_1,pat_reproductivehealth_pg,reproductive_health_form_parentguardian,,,,,
rses_worth_pg1,rosenberg_selfesteem_scale_parentguardian_1,radio,parent_1_arm_1,rses_worth_pg,rosenberg_selfesteem_scale_parentguardian,radio,"I feel that I am a person of worth, or at least on an equal plane with others.",,,
rses_goodquality_pg1,rosenberg_selfesteem_scale_parentguardian_1,radio,parent_1_arm_1,rses_goodquality_pg,rosenberg_selfesteem_scale_parentguardian,radio,I feel that I have a number of good qualities.,,,
rses_failure_pg1,rosenberg_selfesteem_scale_parentguardian_1,radio,parent_1_arm_1,rses_failure_pg,rosenberg_selfesteem_scale_parentguardian,radio,"All in all, I'm inclined to feel that I am a failure.",,,
rses_able_pg1,rosenberg_selfesteem_scale_parentguardian_1,radio,parent_1_arm_1,rses_able_pg,rosenberg_selfesteem_scale_parentguardian,radio,I am able to do things as well as most other people.,,,
rses_proud_pg1,rosenberg_selfesteem_scale_parentguardian_1,radio,parent_1_arm_1,rses_proud_pg,rosenberg_selfesteem_scale_parentguardian,radio,I feel I do not have much to be proud of.,,,
rses_posattitude_pg1,rosenberg_selfesteem_scale_parentguardian_1,radio,parent_1_arm_1,rses_posattitude_pg,rosenberg_selfesteem_scale_parentguardian,radio,I take a positive attitude toward myself.,,,
rses_satisfied_pg1,rosenberg_selfesteem_scale_parentguardian_1,radio,parent_1_arm_1,rses_satisfied_pg,rosenberg_selfesteem_scale_parentguardian,radio,"On the whole, I am satisfied with myself.",,,
rses_useless_pg1,rosenberg_selfesteem_scale_parentguardian_1,radio,parent_1_arm_1,rses_useless_pg,rosenberg_selfesteem_scale_parentguardian,radio,I certainly feel useless at times.,,,
rses_respect_pg1,rosenberg_selfesteem_scale_parentguardian_1,radio,parent_1_arm_1,rses_respect_pg,rosenberg_selfesteem_scale_parentguardian,radio,I wish I could have more respect for myself.,,,
rses_nogood_pg1,rosenberg_selfesteem_scale_parentguardian_1,radio,parent_1_arm_1,rses_nogood_pg,rosenberg_selfesteem_scale_parentguardian,radio,"At times, I think I am no good at all.",,,
rses_worth_pg2,rosenberg_selfesteem_scale_parentguardian_2,radio,parent_2_arm_1,rses_worth_pg,rosenberg_selfesteem_scale_parentguardian,,,,,
rses_goodquality_pg2,rosenberg_selfesteem_scale_parentguardian_2,radio,parent_2_arm_1,rses_goodquality_pg,rosenberg_selfesteem_scale_parentguardian,,,,,
rses_failure_pg2,rosenberg_selfesteem_scale_parentguardian_2,radio,parent_2_arm_1,rses_failure_pg,rosenberg_selfesteem_scale_parentguardian,,,,,
rses_able_pg2,rosenberg_selfesteem_scale_parentguardian_2,radio,parent_2_arm_1,rses_able_pg,rosenberg_selfesteem_scale_parentguardian,,,,,
rses_proud_pg2,rosenberg_selfesteem_scale_parentguardian_2,radio,parent_2_arm_1,rses_proud_pg,rosenberg_selfesteem_scale_parentguardian,,,,,
rses_posattitude_pg2,rosenberg_selfesteem_scale_parentguardian_2,radio,parent_2_arm_1,rses_posattitude_pg,rosenberg_selfesteem_scale_parentguardian,,,,,
rses_satisfied_pg2,rosenberg_selfesteem_scale_parentguardian_2,radio,parent_2_arm_1,rses_satisfied_pg,rosenberg_selfesteem_scale_parentguardian,,,,,
rses_useless_pg2,rosenberg_selfesteem_scale_parentguardian_2,radio,parent_2_arm_1,rses_useless_pg,rosenberg_selfesteem_scale_parentguardian,,,,,
rses_respect_pg2,rosenberg_selfesteem_scale_parentguardian_2,radio,parent_2_arm_1,rses_respect_pg,rosenberg_selfesteem_scale_parentguardian,,,,,
rses_nogood_pg2,rosenberg_selfesteem_scale_parentguardian_2,radio,parent_2_arm_1,rses_nogood_pg,rosenberg_selfesteem_scale_parentguardian,,,,,
bsi_faint_pg1,brief_symptom_inventory_parentguardian_1,radio,parent_1_arm_1,bsi_faint_pg,brief_symptom_inventory_parentguardian,radio,Faintness or dizziness,,,
bsi_interest_pg1,brief_symptom_inventory_parentguardian_1,radio,parent_1_arm_1,bsi_interest_pg,brief_symptom_inventory_parentguardian,radio,Feeling no interest in things,,,
bsi_nervous_pg1,brief_symptom_inventory_parentguardian_1,radio,parent_1_arm_1,bsi_nervous_pg,brief_symptom_inventory_parentguardian,radio,Nervousness or shakiness inside,,,
bsi_pain_chest_pg1,brief_symptom_inventory_parentguardian_1,radio,parent_1_arm_1,bsi_pain_chest_pg,brief_symptom_inventory_parentguardian,radio,Pains in heart or chest,,,
bsi_lonely_pg1,brief_symptom_inventory_parentguardian_1,radio,parent_1_arm_1,bsi_lonely_pg,brief_symptom_inventory_parentguardian,radio,Feeling lonely,,,
bsi_tense_pg1,brief_symptom_inventory_parentguardian_1,radio,parent_1_arm_1,bsi_tense_pg,brief_symptom_inventory_parentguardian,radio,Feeling tense or keyed up,,,
bsi_nausea_pg1,brief_symptom_inventory_parentguardian_1,radio,parent_1_arm_1,bsi_nausea_pg,brief_symptom_inventory_parentguardian,radio,Nausea or upset stomach,,,
bsi_blue_pg1,brief_symptom_inventory_parentguardian_1,radio,parent_1_arm_1,bsi_blue_pg,brief_symptom_inventory_parentguardian,radio,Feeling blue,,,
bsi_scared_pg1,brief_symptom_inventory_parentguardian_1,radio,parent_1_arm_1,bsi_scared_pg,brief_symptom_inventory_parentguardian,radio,Suddenly scared for no reason,,,
bsi_breath_pg1,brief_symptom_inventory_parentguardian_1,radio,parent_1_arm_1,bsi_breath_pg,brief_symptom_inventory_parentguardian,radio,Trouble getting your breath,,,
bsi_worth_pg1,brief_symptom_inventory_parentguardian_1,radio,parent_1_arm_1,bsi_worth_pg,brief_symptom_inventory_parentguardian,radio,Feelings of worthlessness,,,
bsi_terror_pg1,brief_symptom_inventory_parentguardian_1,radio,parent_1_arm_1,bsi_terror_pg,brief_symptom_inventory_parentguardian,radio,Spells of terror or panic,,,
bsi_numb_pg1,brief_symptom_inventory_parentguardian_1,radio,parent_1_arm_1,bsi_numb_pg,brief_symptom_inventory_parentguardian,radio,Numbness or tingling in parts of your body,,,
bsi_hopeless_pg1,brief_symptom_inventory_parentguardian_1,radio,parent_1_arm_1,bsi_hopeless_pg,brief_symptom_inventory_parentguardian,radio,Feeling hopeless about the future,,,
bsi_restless_pg1,brief_symptom_inventory_parentguardian_1,radio,parent_1_arm_1,bsi_restless_pg,brief_symptom_inventory_parentguardian,radio,Feeling so restless you couldn't sit still,,,
bsi_weak_pg1,brief_symptom_inventory_parentguardian_1,radio,parent_1_arm_1,bsi_weak_pg,brief_symptom_inventory_parentguardian,radio,Feeling weak in parts of your body,,,
bsi_endlife_pg1,brief_symptom_inventory_parentguardian_1,radio,parent_1_arm_1,bsi_endlife_pg,brief_symptom_inventory_parentguardian,radio,Thoughts of ending your life,,,
bsi_fearful_pg1,brief_symptom_inventory_parentguardian_1,radio,parent_1_arm_1,bsi_fearful_pg,brief_symptom_inventory_parentguardian,radio,Feeling fearful,,,
bsi_faint_pg2,brief_symptom_inventory_parentguardian_2,radio,parent_2_arm_1,bsi_faint_pg,brief_symptom_inventory_parentguardian,,,,,
bsi_interest_pg2,brief_symptom_inventory_parentguardian_2,radio,parent_2_arm_1,bsi_interest_pg,brief_symptom_inventory_parentguardian,,,,,
bsi_nervous_pg2,brief_symptom_inventory_parentguardian_2,radio,parent_2_arm_1,bsi_nervous_pg,brief_symptom_inventory_parentguardian,,,,,
bsi_pain_chest_pg2,brief_symptom_inventory_parentguardian_2,radio,parent_2_arm_1,bsi_pain_chest_pg,brief_symptom_inventory_parentguardian,,,,,
bsi_lonely_pg2,brief_symptom_inventory_parentguardian_2,radio,parent_2_arm_1,bsi_lonely_pg,brief_symptom_inventory_parentguardian,,,,,
bsi_tense_pg2,brief_symptom_inventory_parentguardian_2,radio,parent_2_arm_1,bsi_tense_pg,brief_symptom_inventory_parentguardian,,,,,
bsi_nausea_pg2,brief_symptom_inventory_parentguardian_2,radio,parent_2_arm_1,bsi_nausea_pg,brief_symptom_inventory_parentguardian,,,,,
bsi_blue_pg2,brief_symptom_inventory_parentguardian_2,radio,parent_2_arm_1,bsi_blue_pg,brief_symptom_inventory_parentguardian,,,,,
bsi_scared_pg2,brief_symptom_inventory_parentguardian_2,radio,parent_2_arm_1,bsi_scared_pg,brief_symptom_inventory_parentguardian,,,,,
bsi_breath_pg2,brief_symptom_inventory_parentguardian_2,radio,parent_2_arm_1,bsi_breath_pg,brief_symptom_inventory_parentguardian,,,,,
bsi_worth_pg2,brief_symptom_inventory_parentguardian_2,radio,parent_2_arm_1,bsi_worth_pg,brief_symptom_inventory_parentguardian,,,,,
bsi_terror_pg2,brief_symptom_inventory_parentguardian_2,radio,parent_2_arm_1,bsi_terror_pg,brief_symptom_inventory_parentguardian,,,,,
bsi_numb_pg2,brief_symptom_inventory_parentguardian_2,radio,parent_2_arm_1,bsi_numb_pg,brief_symptom_inventory_parentguardian,,,,,
bsi_hopeless_pg2,brief_symptom_inventory_parentguardian_2,radio,parent_2_arm_1,bsi_hopeless_pg,brief_symptom_inventory_parentguardian,,,,,
bsi_restless_pg2,brief_symptom_inventory_parentguardian_2,radio,parent_2_arm_1,bsi_restless_pg,brief_symptom_inventory_parentguardian,,,,,
bsi_weak_pg2,brief_symptom_inventory_parentguardian_2,radio,parent_2_arm_1,bsi_weak_pg,brief_symptom_inventory_parentguardian,,,,,
bsi_endlife_pg2,brief_symptom_inventory_parentguardian_2,radio,parent_2_arm_1,bsi_endlife_pg,brief_symptom_inventory_parentguardian,,,,,
bsi_fearful_pg2,brief_symptom_inventory_parentguardian_2,radio,parent_2_arm_1,bsi_fearful_pg,brief_symptom_inventory_parentguardian,,,,,
raq_achieve_pg1,resilience_assessment_questionnaire_parentguardian,radio,parent_1_arm_1,raq_achieve_pg,resilience_assessment_questionnaire_parentguardian,radio,I know what I want to achieve in my lifetime.,,,
raq_ambition_pg1,resilience_assessment_questionnaire_parentguardian,radio,parent_1_arm_1,raq_ambition_pg,resilience_assessment_questionnaire_parentguardian,radio,I have ambitions to achieve certain things during my lifetime.,,,
raq_company_pg1,resilience_assessment_questionnaire_parentguardian,radio,parent_1_arm_1,raq_company_pg,resilience_assessment_questionnaire_parentguardian,radio,I normally enjoy the company of other people.,,,
raq_secrets_pg1,resilience_assessment_questionnaire_parentguardian,radio,parent_1_arm_1,raq_secrets_pg,resilience_assessment_questionnaire_parentguardian,radio,I sometimes share the innermost secrets with a select number of friends.,,,
raq_problems_pg1,resilience_assessment_questionnaire_parentguardian,radio,parent_1_arm_1,raq_problems_pg,resilience_assessment_questionnaire_parentguardian,radio,I normally enjoy solving problems.,,,
raq_list_daily_pg1,resilience_assessment_questionnaire_parentguardian,radio,parent_1_arm_1,raq_list_daily_pg,resilience_assessment_questionnaire_parentguardian,radio,I like to write down my list of things to do each day.,,,
raq_knowdaily_pg1,resilience_assessment_questionnaire_parentguardian,radio,parent_1_arm_1,raq_knowdaily_pg,resilience_assessment_questionnaire_parentguardian,radio,I know what I want to get from each day.,,,
raq_determined_pg1,resilience_assessment_questionnaire_parentguardian,radio,parent_1_arm_1,raq_determined_pg,resilience_assessment_questionnaire_parentguardian,radio,I am determined to achieve certain things in my lifetime.,,,
raq_rely_pg1,resilience_assessment_questionnaire_parentguardian,radio,parent_1_arm_1,raq_rely_pg,resilience_assessment_questionnaire_parentguardian,radio,I often rely on others to help me achieve what I want.,,,
raq_brand_pg1,resilience_assessment_questionnaire_parentguardian,radio,parent_1_arm_1,raq_brand_pg,resilience_assessment_questionnaire_parentguardian,radio,I have a personal brand that I think I regularly demonstrate to others.,,,
raq_relationships_pg1,resilience_assessment_questionnaire_parentguardian,radio,parent_1_arm_1,raq_relationships_pg,resilience_assessment_questionnaire_parentguardian,radio,I have strong relationships with those who help me achieve what I want.,,,
raq_challenge_pg1,resilience_assessment_questionnaire_parentguardian,radio,parent_1_arm_1,raq_challenge_pg,resilience_assessment_questionnaire_parentguardian,radio,I love challenge.,,,
raq_holidays_pg1,resilience_assessment_questionnaire_parentguardian,radio,parent_1_arm_1,raq_holidays_pg,resilience_assessment_questionnaire_parentguardian,radio,I plan my holidays at the last minute.,,,
raq_tacklechallenges_pg1,resilience_assessment_questionnaire_parentguardian,radio,parent_1_arm_1,raq_tacklechallenges_pg,resilience_assessment_questionnaire_parentguardian,radio,I tackle most challenges I face.,,,
raq_feelgood_pg1,resilience_assessment_questionnaire_parentguardian,radio,parent_1_arm_1,raq_feelgood_pg,resilience_assessment_questionnaire_parentguardian,radio,I can tell when I'm feeling good about the way my life is going.,,,
raq_guag_pg1,resilience_assessment_questionnaire_parentguardian,radio,parent_1_arm_1,raq_guag_pg,resilience_assessment_questionnaire_parentguardian,radio,I have a get-up-and-go approach to life.,,,
raq_knowwell_pg1,resilience_assessment_questionnaire_parentguardian,radio,parent_1_arm_1,raq_knowwell_pg,resilience_assessment_questionnaire_parentguardian,radio,I know myself very well.,,,
raq_goodfriends_pg1,resilience_assessment_questionnaire_parentguardian,radio,parent_1_arm_1,raq_goodfriends_pg,resilience_assessment_questionnaire_parentguardian,radio,I have good friends who provide me with the emotional support I need.,,,
raq_causes_pg1,resilience_assessment_questionnaire_parentguardian,radio,parent_1_arm_1,raq_causes_pg,resilience_assessment_questionnaire_parentguardian,radio,I really enjoy unravelling causes of problems.,,,
raq_tasks_pg1,resilience_assessment_questionnaire_parentguardian,radio,parent_1_arm_1,raq_tasks_pg,resilience_assessment_questionnaire_parentguardian,radio,I normally tackle big tasks in bite sizes.,,,
raq_lead_pg1,resilience_assessment_questionnaire_parentguardian,radio,parent_1_arm_1,raq_lead_pg,resilience_assessment_questionnaire_parentguardian,radio,I like taking the lead.,,,
raq_currentwork_pg1,resilience_assessment_questionnaire_parentguardian,radio,parent_1_arm_1,raq_currentwork_pg,resilience_assessment_questionnaire_parentguardian,radio,My current work is a step towards achieving things I want in my lifetime.,,,
raq_situations_pg1,resilience_assessment_questionnaire_parentguardian,radio,parent_1_arm_1,raq_situations_pg,resilience_assessment_questionnaire_parentguardian,radio,I know what to do in most situations I face.,,,
raq_listen_pg1,resilience_assessment_questionnaire_parentguardian,radio,parent_1_arm_1,raq_listen_pg,resilience_assessment_questionnaire_parentguardian,radio,I always listen and understand what others are talking to me about.,,,
raq_selfsufficient_pg1,resilience_assessment_questionnaire_parentguardian,radio,parent_1_arm_1,raq_selfsufficient_pg,resilience_assessment_questionnaire_parentguardian,radio,I normally see myself as self-sufficient.,,,
raq_solveproblems_pg1,resilience_assessment_questionnaire_parentguardian,radio,parent_1_arm_1,raq_solveproblems_pg,resilience_assessment_questionnaire_parentguardian,radio,I can solve most of my problems.,,,
raq_lists_pg1,resilience_assessment_questionnaire_parentguardian,radio,parent_1_arm_1,raq_lists_pg,resilience_assessment_questionnaire_parentguardian,radio,I like making lists.,,,
raq_newsituations_pg1,resilience_assessment_questionnaire_parentguardian,radio,parent_1_arm_1,raq_newsituations_pg,resilience_assessment_questionnaire_parentguardian,radio,I normally feel comfortable in new situations.,,,
raq_knowachieve_pg1,resilience_assessment_questionnaire_parentguardian,radio,parent_1_arm_1,raq_knowachieve_pg,resilience_assessment_questionnaire_parentguardian,radio,I know what I have to do to achieve what I want in life.,,,
raq_motivation_pg1,resilience_assessment_questionnaire_parentguardian,radio,parent_1_arm_1,raq_motivation_pg,resilience_assessment_questionnaire_parentguardian,radio,I have a strong motivation in achieving what I want.,,,
raq_curious_pg1,resilience_assessment_questionnaire_parentguardian,radio,parent_1_arm_1,raq_curious_pg,resilience_assessment_questionnaire_parentguardian,radio,I am normally curious about people.,,,
raq_travel_pg1,resilience_assessment_questionnaire_parentguardian,radio,parent_1_arm_1,raq_travel_pg,resilience_assessment_questionnaire_parentguardian,radio,I prefer traveling on my own.,,,
raq_othersproblems_pg1,resilience_assessment_questionnaire_parentguardian,radio,parent_1_arm_1,raq_othersproblems_pg,resilience_assessment_questionnaire_parentguardian,radio,I help others solve their problems and challenges.,,,
raq_review_pg1,resilience_assessment_questionnaire_parentguardian,radio,parent_1_arm_1,raq_review_pg,resilience_assessment_questionnaire_parentguardian,radio,I review my achievements regularly.,,,
raq_greatperson_pg1,resilience_assessment_questionnaire_parentguardian,radio,parent_1_arm_1,raq_greatperson_pg,resilience_assessment_questionnaire_parentguardian,radio,I know I'm a great person.,,,
raq_achieve_pg2,resilience_assessment_questionnaire_parentgua_5574,radio,parent_2_arm_1,raq_achieve_pg,resilience_assessment_questionnaire_parentguardian,,,,,
raq_ambition_pg2,resilience_assessment_questionnaire_parentgua_5574,radio,parent_2_arm_1,raq_ambition_pg,resilience_assessment_questionnaire_parentguardian,,,,,
raq_company_pg2,resilience_assessment_questionnaire_parentgua_5574,radio,parent_2_arm_1,raq_company_pg,resilience_assessment_questionnaire_parentguardian,,,,,
raq_secrets_pg2,resilience_assessment_questionnaire_parentgua_5574,radio,parent_2_arm_1,raq_secrets_pg,resilience_assessment_questionnaire_parentguardian,,,,,
raq_problems_pg2,resilience_assessment_questionnaire_parentgua_5574,radio,parent_2_arm_1,raq_problems_pg,resilience_assessment_questionnaire_parentguardian,,,,,
raq_list_daily_pg2,resilience_assessment_questionnaire_parentgua_5574,radio,parent_2_arm_1,raq_list_daily_pg,resilience_assessment_questionnaire_parentguardian,,,,,
raq_knowdaily_pg2,resilience_assessment_questionnaire_parentgua_5574,radio,parent_2_arm_1,raq_knowdaily_pg,resilience_assessment_questionnaire_parentguardian,,,,,
raq_determined_pg2,resilience_assessment_questionnaire_parentgua_5574,radio,parent_2_arm_1,raq_determined_pg,resilience_assessment_questionnaire_parentguardian,,,,,
raq_rely_pg2,resilience_assessment_questionnaire_parentgua_5574,radio,parent_2_arm_1,raq_rely_pg,resilience_assessment_questionnaire_parentguardian,,,,,
raq_brand_pg2,resilience_assessment_questionnaire_parentgua_5574,radio,parent_2_arm_1,raq_brand_pg,resilience_assessment_questionnaire_parentguardian,,,,,
raq_relationships_pg2,resilience_assessment_questionnaire_parentgua_5574,radio,parent_2_arm_1,raq_relationships_pg,resilience_assessment_questionnaire_parentguardian,,,,,
raq_challenge_pg2,resilience_assessment_questionnaire_parentgua_5574,radio,parent_2_arm_1,raq_challenge_pg,resilience_assessment_questionnaire_parentguardian,,,,,
raq_holidays_pg2,resilience_assessment_questionnaire_parentgua_5574,radio,parent_2_arm_1,raq_holidays_pg,resilience_assessment_questionnaire_parentguardian,,,,,
raq_tacklechallenges_pg2,resilience_assessment_questionnaire_parentgua_5574,radio,parent_2_arm_1,raq_tacklechallenges_pg,resilience_assessment_questionnaire_parentguardian,,,,,
raq_feelgood_pg2,resilience_assessment_questionnaire_parentgua_5574,radio,parent_2_arm_1,raq_feelgood_pg,resilience_assessment_questionnaire_parentguardian,,,,,
raq_guag_pg2,resilience_assessment_questionnaire_parentgua_5574,radio,parent_2_arm_1,raq_guag_pg,resilience_assessment_questionnaire_parentguardian,,,,,
raq_knowwell_pg2,resilience_assessment_questionnaire_parentgua_5574,radio,parent_2_arm_1,raq_knowwell_pg,resilience_assessment_questionnaire_parentguardian,,,,,
raq_goodfriends_pg2,resilience_assessment_questionnaire_parentgua_5574,radio,parent_2_arm_1,raq_goodfriends_pg,resilience_assessment_questionnaire_parentguardian,,,,,
raq_causes_pg2,resilience_assessment_questionnaire_parentgua_5574,radio,parent_2_arm_1,raq_causes_pg,resilience_assessment_questionnaire_parentguardian,,,,,
raq_tasks_pg2,resilience_assessment_questionnaire_parentgua_5574,radio,parent_2_arm_1,raq_tasks_pg,resilience_assessment_questionnaire_parentguardian,,,,,
raq_lead_pg2,resilience_assessment_questionnaire_parentgua_5574,radio,parent_2_arm_1,raq_lead_pg,resilience_assessment_questionnaire_parentguardian,,,,,
raq_currentwork_pg2,resilience_assessment_questionnaire_parentgua_5574,radio,parent_2_arm_1,raq_currentwork_pg,resilience_assessment_questionnaire_parentguardian,,,,,
raq_situations_pg2,resilience_assessment_questionnaire_parentgua_5574,radio,parent_2_arm_1,raq_situations_pg,resilience_assessment_questionnaire_parentguardian,,,,,
raq_listen_pg2,resilience_assessment_questionnaire_parentgua_5574,radio,parent_2_arm_1,raq_listen_pg,resilience_assessment_questionnaire_parentguardian,,,,,
raq_selfsufficient_pg2,resilience_assessment_questionnaire_parentgua_5574,radio,parent_2_arm_1,raq_selfsufficient_pg,resilience_assessment_questionnaire_parentguardian,,,,,
raq_solveproblems_pg2,resilience_assessment_questionnaire_parentgua_5574,radio,parent_2_arm_1,raq_solveproblems_pg,resilience_assessment_questionnaire_parentguardian,,,,,
raq_lists_pg2,resilience_assessment_questionnaire_parentgua_5574,radio,parent_2_arm_1,raq_lists_pg,resilience_assessment_questionnaire_parentguardian,,,,,
raq_newsituations_pg2,resilience_assessment_questionnaire_parentgua_5574,radio,parent_2_arm_1,raq_newsituations_pg,resilience_assessment_questionnaire_parentguardian,,,,,
raq_knowachieve_pg2,resilience_assessment_questionnaire_parentgua_5574,radio,parent_2_arm_1,raq_knowachieve_pg,resilience_assessment_questionnaire_parentguardian,,,,,
raq_motivation_pg2,resilience_assessment_questionnaire_parentgua_5574,radio,parent_2_arm_1,raq_motivation_pg,resilience_assessment_questionnaire_parentguardian,,,,,
raq_curious_pg2,resilience_assessment_questionnaire_parentgua_5574,radio,parent_2_arm_1,raq_curious_pg,resilience_assessment_questionnaire_parentguardian,,,,,
raq_travel_pg2,resilience_assessment_questionnaire_parentgua_5574,radio,parent_2_arm_1,raq_travel_pg,resilience_assessment_questionnaire_parentguardian,,,,,
raq_othersproblems_pg2,resilience_assessment_questionnaire_parentgua_5574,radio,parent_2_arm_1,raq_othersproblems_pg,resilience_assessment_questionnaire_parentguardian,,,,,
raq_review_pg2,resilience_assessment_questionnaire_parentgua_5574,radio,parent_2_arm_1,raq_review_pg,resilience_assessment_questionnaire_parentguardian,,,,,
raq_greatperson_pg2,resilience_assessment_questionnaire_parentgua_5574,radio,parent_2_arm_1,raq_greatperson_pg,resilience_assessment_questionnaire_parentguardian,,,,,
pss_role_pg1,parental_stress_scale_parentguardian_1,radio,parent_1_arm_1,pss_role_pg,parental_stress_scale_parentguardian,radio,I am happy in my role as a parent.,,,
pss_doforchildren_pg1,parental_stress_scale_parentguardian_1,radio,parent_1_arm_1,pss_doforchildren_pg,parental_stress_scale_parentguardian,radio,There is little or nothing I wouldn't do for my child/ren if it was necessary,,,
pss_caring_pg1,parental_stress_scale_parentguardian_1,radio,parent_1_arm_1,pss_caring_pg,parental_stress_scale_parentguardian,radio,Caring for my child/ren sometimes takes more time and energy than I have to give.,,,
pss_worry_pg1,parental_stress_scale_parentguardian_1,radio,parent_1_arm_1,pss_worry_pg,parental_stress_scale_parentguardian,radio,I sometimes worry whether I am doing enough for my child/ren.,,,
pss_close_pg1,parental_stress_scale_parentguardian_1,radio,parent_1_arm_1,pss_close_pg,parental_stress_scale_parentguardian,radio,I feel close to my child/ren.,,,
pss_enjoytime_pg1,parental_stress_scale_parentguardian_1,radio,parent_1_arm_1,pss_enjoytime_pg,parental_stress_scale_parentguardian,radio,I enjoy spending time with my child/ren.,,,
pss_affection_pg1,parental_stress_scale_parentguardian_1,radio,parent_1_arm_1,pss_affection_pg,parental_stress_scale_parentguardian,radio,My child/ren is an important source of affection for me.,,,
pss_optimistic_pg1,parental_stress_scale_parentguardian_1,radio,parent_1_arm_1,pss_optimistic_pg,parental_stress_scale_parentguardian,radio,Having child/ren gives me a more certain and optimistic view for the future.,,,
pss_stress_pg1,parental_stress_scale_parentguardian_1,radio,parent_1_arm_1,pss_stress_pg,parental_stress_scale_parentguardian,radio,The major source of stress in my life is my child/ren.,,,
pss_timeflex_pg1,parental_stress_scale_parentguardian_1,radio,parent_1_arm_1,pss_timeflex_pg,parental_stress_scale_parentguardian,radio,Having child/ren leaves little time and flexibility in my life.,,,
pss_burden_pg1,parental_stress_scale_parentguardian_1,radio,parent_1_arm_1,pss_burden_pg,parental_stress_scale_parentguardian,radio,Having child/ren has been a financial burden.,,,
pss_responsibilities_pg1,parental_stress_scale_parentguardian_1,radio,parent_1_arm_1,pss_responsibilities_pg,parental_stress_scale_parentguardian,radio,It is difficult to balance responsibilities because of my child/ren.,,,
pss_embarrass_pg1,parental_stress_scale_parentguardian_1,radio,parent_1_arm_1,pss_embarrass_pg,parental_stress_scale_parentguardian,radio,The behavior of my child/ren is often embarrassing or stressful to me.,,,
pss_overagain_pg1,parental_stress_scale_parentguardian_1,radio,parent_1_arm_1,pss_overagain_pg,parental_stress_scale_parentguardian,radio,"If I had to do it over again, I might decide to not have child/ren again.",,,
pss_overwhelmed_pg1,parental_stress_scale_parentguardian_1,radio,parent_1_arm_1,pss_overwhelmed_pg,parental_stress_scale_parentguardian,radio,I feel overwhelmed by the responsibility of being a parent.,,,
pss_control_pg1,parental_stress_scale_parentguardian_1,radio,parent_1_arm_1,pss_control_pg,parental_stress_scale_parentguardian,radio,Having child/ren has meant having too few choices and too little control over my life.,,,
pss_satisfied_pg1,parental_stress_scale_parentguardian_1,radio,parent_1_arm_1,pss_satisfied_pg,parental_stress_scale_parentguardian,radio,I am satisfied as a parent.,,,
pss_enjoyable_pg1,parental_stress_scale_parentguardian_1,radio,parent_1_arm_1,pss_enjoyable_pg,parental_stress_scale_parentguardian,radio,I find my child/ren enjoyable.,,,
pss_role_pg2,parental_stress_scale_parentguardian_2,radio,parent_2_arm_1,pss_role_pg,parental_stress_scale_parentguardian,,,,,
pss_doforchildren_pg2,parental_stress_scale_parentguardian_2,radio,parent_2_arm_1,pss_doforchildren_pg,parental_stress_scale_parentguardian,,,,,
pss_caring_pg2,parental_stress_scale_parentguardian_2,radio,parent_2_arm_1,pss_caring_pg,parental_stress_scale_parentguardian,,,,,
pss_worry_pg2,parental_stress_scale_parentguardian_2,radio,parent_2_arm_1,pss_worry_pg,parental_stress_scale_parentguardian,,,,,
pss_close_pg2,parental_stress_scale_parentguardian_2,radio,parent_2_arm_1,pss_close_pg,parental_stress_scale_parentguardian,,,,,
pss_enjoytime_pg2,parental_stress_scale_parentguardian_2,radio,parent_2_arm_1,pss_enjoytime_pg,parental_stress_scale_parentguardian,,,,,
pss_affection_pg2,parental_stress_scale_parentguardian_2,radio,parent_2_arm_1,pss_affection_pg,parental_stress_scale_parentguardian,,,,,
pss_optimistic_pg2,parental_stress_scale_parentguardian_2,radio,parent_2_arm_1,pss_optimistic_pg,parental_stress_scale_parentguardian,,,,,
pss_stress_pg2,parental_stress_scale_parentguardian_2,radio,parent_2_arm_1,pss_stress_pg,parental_stress_scale_parentguardian,,,,,
pss_timeflex_pg2,parental_stress_scale_parentguardian_2,radio,parent_2_arm_1,pss_timeflex_pg,parental_stress_scale_parentguardian,,,,,
pss_burden_pg2,parental_stress_scale_parentguardian_2,radio,parent_2_arm_1,pss_burden_pg,parental_stress_scale_parentguardian,,,,,
pss_responsibilities_pg2,parental_stress_scale_parentguardian_2,radio,parent_2_arm_1,pss_responsibilities_pg,parental_stress_scale_parentguardian,,,,,
pss_embarrass_pg2,parental_stress_scale_parentguardian_2,radio,parent_2_arm_1,pss_embarrass_pg,parental_stress_scale_parentguardian,,,,,
pss_overagain_pg2,parental_stress_scale_parentguardian_2,radio,parent_2_arm_1,pss_overagain_pg,parental_stress_scale_parentguardian,,,,,
pss_overwhelmed_pg2,parental_stress_scale_parentguardian_2,radio,parent_2_arm_1,pss_overwhelmed_pg,parental_stress_scale_parentguardian,,,,,
pss_control_pg2,parental_stress_scale_parentguardian_2,radio,parent_2_arm_1,pss_control_pg,parental_stress_scale_parentguardian,,,,,
pss_satisfied_pg2,parental_stress_scale_parentguardian_2,radio,parent_2_arm_1,pss_satisfied_pg,parental_stress_scale_parentguardian,,,,,
pss_enjoyable_pg2,parental_stress_scale_parentguardian_2,radio,parent_2_arm_1,pss_enjoyable_pg,parental_stress_scale_parentguardian,,,,,
ace_pg1,adverse_childhood_events_parentguardian_1,dropdown,parent_1_arm_1,ace_pg,adverse_childhood_events_parentguardian,dropdown,"Of the statements listed above, how many apply to you?",,,
ace_pg2,adverse_childhood_events_parentguardian_2,dropdown,parent_2_arm_1,ace_pg,adverse_childhood_events_parentguardian,,,,,